name,lat,lon
Tokyo,35.6897,139.6922
Jakarta,-6.2146,106.8451
Delhi,28.66,77.23
Mumbai,18.9667,72.8333
Manila,14.5958,120.9772
Shanghai,31.1667,121.4667
Sao Paulo,-23.5504,-46.6339
Seoul,37.5833,127
Mexico City,19.4333,-99.1333
Guangzhou,23.1288,113.259
Beijing,39.905,116.3914
Cairo,30.0561,31.2394
New York,40.6943,-73.9249
Kolkata,22.5411,88.3378
Moscow,55.7558,37.6178
Bangkok,13.75,100.5167
Buenos Aires,-34.5997,-58.3819
Shenzhen,22.535,114.054
Dhaka,23.7161,90.3961
Lagos,6.45,3.4
Istanbul,41.01,28.9603
Osaka,34.6936,135.5019
Karachi,24.86,67.01
Bangalore,12.9699,77.598
Tehran,35.7,51.4167
Kinshasa,-4.3317,15.3139
Ho Chi Minh City,10.8167,106.6333
Los Angeles,34.1139,-118.4068
Rio de Janeiro,-22.9083,-43.1964
Nanyang,32.9987,112.5292
Chennai,13.0825,80.275
Chengdu,30.6636,104.0667
Lahore,31.5497,74.3436
Paris,48.8566,2.3522
London,51.5072,-0.1275
Linyi,35.0606,118.3425
Tianjin,39.1467,117.2056
Shijiazhuang,38.0422,114.5086
Baoding,38.8671,115.4845
Zhoukou,33.625,114.6418
Lima,-12.05,-77.0333
Hyderabad,17.3667,78.4667
Bogota,4.6126,-74.0705
Weifang,36.7167,119.1
Nagoya,35.1167,136.9333
Wuhan,30.5872,114.2881
Heze,35.2333,115.4333
Ganzhou,25.8292,114.9336
Tongshan,34.261,117.1859
Chicago,41.8373,-87.6862
Handan,36.6116,114.4894
Luanda,-8.8383,13.2344
Fuyang,32.8986,115.8045
Kuala Lumpur,3.1478,101.6953
Jining,35.4,116.5667
Dongguan,23.0475,113.7493
Hanoi,21.0245,105.8412
Pune,18.5196,73.8553
Chongqing,29.55,106.5069
Changchun,43.9,125.2
Zhumadian,32.9773,114.0253
Ningbo,29.875,121.5492
Onitsha,6.1667,6.7833
Nanjing,32.05,118.7667
Hefei,31.8639,117.2808
Ahmadabad,23.03,72.58
Hong Kong,22.305,114.185
Khartoum,15.6031,32.5265
Nantong,31.9829,120.8873
Yancheng,33.3936,120.1339
Foshan,23.0292,113.1056
Nanning,22.8192,108.315
Hengyang,26.8968,112.5857
Xi'an,34.2667,108.9
Shenyang,41.8039,123.4258
Tangshan,39.6292,118.1742
Shaoyang,27.2418,111.4725
Changsha,28.1987,112.9709
Santiago,-33.45,-70.6667
Zhengzhou,34.7492,113.6605
Zhanjiang,21.1967,110.4031
Riyadh,24.65,46.71
Cangzhou,38.3037,116.8452
Dar es Salaam,-6.8,39.2833
Maoming,21.6618,110.9178
Huanggang,30.45,114.875
Xinyang,32.1264,114.0672
Shangrao,28.4419,117.9633
Luoyang,34.6587,112.4245
Bijie,27.3019,105.2863
Yantai,37.3997,121.2664
Quanzhou,24.9139,118.5858
Hangzhou,30.25,120.1675
Miami,25.7839,-80.2102
Kunming,25.0433,102.7061
Nanchong,30.7991,106.0784
Zunyi,27.705,106.9336
Lu'an,31.7542,116.5078
Yichun,27.8041,114.383
Taizhou,28.6583,121.4221
Liaocheng,36.45,115.9833
Qujing,25.5102,103.8029
Xiangyang,32.0654,112.1531
Surat,21.17,72.83
Baghdad,33.35,44.4167
Qingdao,36.1167,120.4
Singapore,1.3,103.8
Dallas,32.7936,-96.7662
Changde,29.0397,111.6839
Dazhou,31.2152,107.4947
Suzhou,33.6333,116.9683
Philadelphia,40.0077,-75.1339
Jieyang,23.5533,116.3649
Nairobi,-1.2864,36.8172
Nangandao,35.2992,113.8851
Ankara,39.93,32.85
Tai'an,36.2001,117.0809
Yulin,22.6293,110.1507
Dezhou,37.4513,116.3105
Houston,29.7863,-95.3889
Atlanta,33.7627,-84.4224
Rangoon,16.8,96.15
Toronto,43.7417,-79.3733
Suihua,46.6384,126.9808
Washington,38.9047,-77.0163
Qiqihar,47.3398,123.9512
Jinhua,29.1046,119.6494
Saint Petersburg,59.95,30.3167
Shantou,23.3735,116.6941
Sydney,-33.865,151.2094
Weinan,34.4996,109.4684
Suqian,33.9331,118.2831
Guadalajara,20.6767,-103.3475
Suzhou,31.304,120.6164
Fuzhou,26.0769,119.2917
Zhaotong,27.3328,103.7144
Pudong,31.2231,121.5397
Yongzhou,26.4515,111.5953
Belo Horizonte,-19.8917,-43.9478
Zhangzhou,24.5093,117.6612
Bozhou,33.8626,115.7742
Melbourne,-37.8136,144.9631
Nanchang,28.6842,115.8872
Xianyang,34.35,108.7167
Taizhou,32.4831,119.9
Surabaya,-7.2458,112.7378
Abidjan,5.3364,-4.0267
Ji'an,27.1172,114.9793
Mianyang,31.4669,104.7385
Shaoxing,30,120.5833
Alexandria,31.2,29.9167
Yuncheng,35.0304,110.998
Pingdingshan,33.735,113.2999
Huai'an,33.5,119.1331
Xinpu,34.5906,119.1801
Guilin,25.2667,110.2833
Huaihua,27.5494,109.9592
Jiujiang,29.7048,116.0021
Anqing,30.5,117.0333
Boston,42.3188,-71.0846
Huanglongsi,34.7936,114.3403
Xiaoganzhan,30.9273,113.911
Changzhou,31.8122,119.9692
Barcelona,41.3825,2.1769
Chenzhou,25.7989,113.0267
Wuxi,31.5667,120.2833
Zibo,36.7831,118.0497
Jiaxing,30.7522,120.75
Dalian,38.9131,121.61
Harbin,45.75,126.6333
Yangzhou,32.3912,119.4363
Yibin,28.7596,104.64
Jiangmen,22.5833,113.0833
Johannesburg,-26.2044,28.0416
Meizhou,24.2998,116.1191
Chifeng,42.2663,118.9223
Casablanca,33.5992,-7.62
Guiyang,26.5794,106.7078
Langfang,39.5196,116.7006
Zhangjiakou,40.8108,114.8811
Izmir,38.4127,27.1384
Linfen,36.0812,111.5087
Wenzhou,27.9991,120.6561
Monterrey,25.6667,-100.3
Luzhou,28.8918,105.4409
Jiangguanchi,34.0244,113.8201
Neijiang,29.5872,105.0635
Phoenix,33.5722,-112.0891
Yanjiang,30.1256,104.6397
Yiyang,28.5833,112.3333
Zhaoqing,23.047,112.465
Hengshui,37.7348,115.686
Guigang,23.0961,109.6092
Xiaoxita,30.7083,111.2803
Xiamen,24.4797,118.0819
Chuzhou,32.3062,118.3115
Fuzhou,27.9814,116.3577
Amman,31.95,35.9333
Jeddah,21.5428,39.1728
Sialkot City,32.5,74.5333
Huizhou,23.1115,114.4152
Qingyuan,23.6842,113.0507
Zhuzhou,27.8407,113.1469
Wuhu,31.334,118.3622
Hechi,23.0965,109.6091
Seattle,47.6211,-122.3244
Loudi,27.7378,111.9974
Binzhou,37.3806,118.0125
Liuzhou,24.3181,109.4069
Yokohama,35.4333,139.6333
Baojishi,34.3609,107.1751
Guang'an,30.4673,106.6336
Hanzhong,33.0794,107.026
Kabul,34.5328,69.1658
Zaozhuang,34.8667,117.55
Berlin,52.5167,13.3833
Anshan,41.1066,122.9895
Deyang,31.1289,104.395
Lanzhou,36.0617,103.8318
Chengde,40.9739,117.9322
San Francisco,37.7562,-122.443
Puyang,35.7639,115.03
Suining,30.5098,105.5737
Jiaozuo,35.229,113.2304
Bengbu,32.9354,117.3531
Montreal,45.5089,-73.5617
Detroit,42.3834,-83.1024
Baicheng,23.901,106.6194
Busan,35.1,129.0403
Algiers,36.7764,3.0586
Qincheng,34.5809,105.7311
Taiyuan,37.8733,112.5425
Lucknow,26.847,80.947
Chaoyang,41.5757,120.4486
Hechi,24.6928,108.085
Leshan,29.5854,103.7575
Yulinshi,38.2655,109.7388
Siping,43.1715,124.3644
Madrid,40.4189,-3.6919
Jinan,36.6667,116.9833
Shiyan,32.6351,110.7755
Changzhi,36.1953,113.097
San Diego,32.8312,-117.1225
Faisalabad,31.418,73.079
Santa Cruz,-17.7892,-63.1975
Bazhou,31.8576,106.7559
Zhongshan,22.5333,113.35
Zhenjiang,32.2109,119.4551
Urumqi,43.825,87.6
Tongliao,43.6172,122.264
Heyuan,23.7503,114.6923
Tongren,27.7233,109.1885
Qinzhou,21.95,108.6167
Jaipur,26.9167,75.8667
Xinzhou,38.4178,112.7233
Addis Ababa,9.0272,38.7369
Giza,29.987,31.2118
Meishan,30.0575,103.8381
Brasilia,-15.7744,-48.0773
Mashhad,36.3069,59.6042
Jinzhou,41.1144,121.1292
Tieling,42.2841,123.8365
Shaoguan,24.8011,113.5927
Shanwei,22.7664,115.3331
Minneapolis,44.9635,-93.2678
Kyiv,50.45,30.5236
Sanaa,15.35,44.2
Quezon City,14.6333,121.0333
Dingxi,35.5806,104.6263
Salvador,-12.9708,-38.5108
Incheon,37.4639,126.6486
Bursa,40.1833,29.0667
Ningde,26.6667,119.5167
Tampa,27.9942,-82.4451
Daqing,46.5979,125.008
Birmingham,52.48,-1.9025
Putian,25.4394,119.0103
Huzhou,30.8695,120.0958
Wuzhou,23.4833,111.3167
Denver,39.7621,-104.8759
Rome,41.8931,12.4828
La Paz,-16.4942,-68.1475
Pyongyang,39.03,125.73
Kano,12,8.5167
Taichung,24.15,120.6667
Omdurman,15.6835,32.4629
Zigong,29.3498,104.7645
Qinhuangdao,39.9398,119.5881
Mudanjiang,44.5861,129.5997
Huludao,40.7094,120.8378
Kaohsiung,22.6167,120.3
Xiangtan,27.8431,112.9228
Guayaquil,-2.1833,-79.8833
Rizhao,35.4164,119.4331
Manchester,53.4794,-2.2453
Cawnpore,26.4725,80.3311
Baotou,40.6562,109.8345
Taipei,25.0478,121.5319
Nanping,26.6448,118.1728
Longyan,25.0881,117.0244
Ibadan,7.3964,3.9167
Hohhot,40.8151,111.6629
Chaozhou,23.67,116.63
Antananarivo,-18.9386,47.5214
Longba,33.535,105.349
Weihai,37.5,122.1
Chattogram,22.335,91.8325
Santo Domingo,18.4764,-69.8933
Xuanzhou,30.9475,118.7518
Sanming,26.2658,117.6302
Brooklyn,40.6501,-73.9496
Medellin,6.2447,-75.5748
Brisbane,-27.4678,153.0281
Baoshan,25.1211,99.169
Dubai,25.2697,55.3094
Luohe,33.583,114.0109
Qinbaling,35.7278,107.64
Mirzapur,25.15,82.58
Guangyuan,32.4353,105.8398
Cali,3.44,-76.5197
Daegu,35.8667,128.6
Fortaleza,-3.7275,-38.5275
Guatemala City,14.6099,-90.5252
Yaounde,3.8578,11.5181
Douala,4.05,9.7
Jilin,43.85,126.55
Lianshan,40.7503,120.83
Lincang,23.8864,100.0871
Antalya,36.9081,30.6956
Tashkent,41.3,69.2667
Huangshi,30.2018,115.0326
Bandung,-6.95,107.5667
Nagpur,21.1539,79.0831
Dandong,40.1167,124.3833
Huainan,32.4831,117.0164
Shangzhou,33.868,109.9244
Bekasi,-6.2333,107
Ghaziabad,28.6667,77.4167
Tijuana,32.525,-117.0333
Jiamusi,46.8081,130.3653
Yangjiang,21.8556,111.9627
Accra,5.6037,-0.187
Yuxi,24.3495,102.5432
Fushun,41.8708,123.8917
Anshun,26.2456,105.934
Vancouver,49.25,-123.1
Tangerang,-6.1783,106.6319
Konya,37.8714,32.4847
Queens,40.7498,-73.7976
Yingkou,40.6653,122.2297
Adana,37,35.325
Medan,3.6667,98.6667
Sanmenxia,34.7736,111.195
Indore,22.7206,75.8472
Ma'anshan,31.7135,118.3605
Pingliang,35.5412,106.6819
Quzhou,28.9545,118.8763
Baku,40.3667,49.8352
Gaoping,30.7804,106.13
Huaibei,33.9562,116.789
Xining,36.6239,101.7787
Yan'an,36.5952,109.4863
Havana,23.1367,-82.3589
Phnom Penh,11.5696,104.921
Fukuoka,33.5903,130.4019
Mogadishu,2.0408,45.3425
Jincheng,35.4906,112.8483
Lishui,28.45,119.9167
Qingyang,24.8141,118.5792
Riverside,33.9381,-117.3948
Baltimore,39.3051,-76.6144
Haiphong,20.8,106.6667
Las Vegas,36.2333,-115.2654
Laibin,23.7333,109.2333
Rawalpindi,33.6007,73.0679
Kumasi,6.6833,-1.6167
Portland,45.5372,-122.65
Vadodara,22.3,73.2
Perth,-31.9522,115.8589
Puning,23.2993,116.1586
San Antonio,29.4658,-98.5253
Haikou,20.02,110.32
Vishakhapatnam,17.7333,83.3167
Gaziantep,37.0667,37.3833
Minsk,53.9022,27.5618
St. Louis,38.6358,-90.2451
Bamako,12.6458,-7.9922
Quito,-0.2186,-78.5097
Pingxiang,27.6333,113.85
Chongzuo,22.4167,107.3667
Sanliurfa,37.1583,38.7917
Kananga,-5.897,22.4488
Peshawar,34,71.5
Sapporo,43.0621,141.3544
Jixi,45.2937,130.965
Caracas,10.5,-66.9333
Fuxin,42.0127,121.6486
Leeds,53.7997,-1.5492
Sacramento,38.5667,-121.4683
Blantyre,-15.7861,35.0058
Tainan,22.9833,120.1833
Bucharest,44.4,26.0833
Wuwei,37.9278,102.6329
Bhopal,23.25,77.4167
Curitiba,-25.4297,-49.2719
Xiping,40.08,113.3
Asuncion,-25.3,-57.6333
Saidu Sharif,34.75,72.3572
Vienna,48.2083,16.3731
Aleppo,36.2,37.15
Hamburg,53.55,10
Meru,0.05,37.65
Brazzaville,-4.2667,15.2833
Orlando,28.4772,-81.3369
Mersin,36.8,34.6167
Almaty,43.25,76.9
Barranquilla,10.96,-74.8
Kyoto,35.0111,135.7669
Manaus,-3.1,-60.0167
Liaoyang,41.2643,123.1772
Baiyin,36.5448,104.1766
San Jose,37.3019,-121.8486
Warsaw,52.2167,21.0333
Shengli,37.45,118.4667
Lubumbashi,-11.6697,27.4581
Damascus,33.5131,36.2919
Shuyangzha,34.1299,118.7734
Shangqiu,34.4504,115.65
Esfahan,32.6447,51.6675
Budapest,47.4983,19.0408
Heihe,50.2458,127.4886
Lusaka,-15.4167,28.2833
Diyarbakir,37.9108,40.2367
Chinchvad,18.6278,73.8131
Shuozhou,39.3408,112.4292
Vitoria,-20.324,-40.366
Cleveland,41.4767,-81.6804
Pittsburgh,40.4396,-79.9762
Mecca,21.4225,39.8261
Patna,25.61,85.1414
Mosul,36.3667,43.1167
Austin,30.3004,-97.7522
Sanzhou,30.82,108.4
Conakry,9.5092,-13.7122
Kampala,0.3136,32.5811
Ecatepec,19.6097,-99.06
Cincinnati,39.1413,-84.5061
Makassar,-5.1331,119.4136
Yushan,31.3867,120.9766
Ludhiana,30.9083,75.8486
Newcastle,55.0077,-1.6578
Depok,-6.394,106.8225
Zhongli,24.965,121.2168
Kansas City,39.1239,-94.5541
Rabat,34.0253,-6.8361
Ouagadougou,12.3572,-1.5353
Davao,7.0667,125.6
Manhattan,40.7834,-73.9662
Semarang,-6.9667,110.4167
Yinchuan,38.4795,106.2254
Multan,30.1978,71.4711
Caloocan City,14.65,120.9667
Harare,-17.8292,31.0522
Novosibirsk,55.0333,82.9167
Chengtangcun,35.0833,117.15
Agra,27.18,78.02
Karaj,35.8327,50.9915
Indianapolis,39.7771,-86.1458
Jingdezhen,29.2942,117.2036
Puebla,19.0333,-98.1833
Kalyan,19.2502,73.1602
Madurai,9.9197,78.1194
Gujranwala,32.15,74.1833
Benxi,41.292,123.761
Jamshedpur,22.8,86.1833
Zhuhai,22.2769,113.5678
Recife,-8.0539,-34.8808
Columbus,39.9862,-82.985
Tabriz,38.0833,46.2833
Santiago,19.5,-70.67
Maracaibo,10.6333,-71.6333
Beihai,21.4667,109.1
Shuangyashan,46.6388,131.1545
Kobe,34.6913,135.183
Charlotte,35.208,-80.8304
Yucheng,29.9888,103.0007
Changshu,31.65,120.7333
Ximeicun,24.9633,118.3811
Jianguang,28.1958,115.7833
Gwangju,35.1667,126.9167
Xushan,30.1697,121.2665
Guiping,23.4,110.0833
Nasik,20,73.7833
Porto Alegre,-30.0328,-51.23
Zhangjiajie,29.1255,110.4844
Valencia,10.1667,-68
Virginia Beach,36.7335,-76.0435
Daejeon,36.351,127.385
Munich,48.1372,11.5755
Yekaterinburg,56.8356,60.6128
Auckland,-36.85,174.7833
Yunfu,22.9242,112.0353
Huangshan,29.7132,118.3151
Huazhou,32.6832,112.079
Shiraz,29.61,52.5425
Leon de los Aldama,21.1167,-101.6833
Pizhou,34.3422,118.0097
Palembang,-2.9833,104.7644
Kharkiv,50,36.2292
Kawanakajima,35.53,139.705
Lianjiang,21.6146,110.2794
Chizhou,30.6583,117.4849
Leizhou,20.9147,110.0806
Guyuan,36.008,106.2782
Rui'an,27.778,120.6526
Birstall,52.6736,-1.12
Muscat,23.6139,58.5922
Hebi,35.7497,114.2887
Jingling,30.6667,113.1667
Bronx,40.8501,-73.8662
The Hague,52.08,4.27
Owerri,5.4833,7.0333
Sharjah,25.3575,55.3919
Faridabad,28.4333,77.3167
Ulaanbaatar,47.9203,106.9172
Goiania,-16.6789,-49.2539
Belem,-1.4558,-48.5039
Kayseri,38.7333,35.4833
Yueqing,28.1188,120.9621
Belgrade,44.8167,20.4667
Pingdu,36.7833,119.9556
Aurangabad,19.88,75.32
Yutan,28.3147,112.554
Wenling,28.3797,121.3718
Islamabad,33.6989,73.0369
Milwaukee,43.0642,-87.9673
Milan,45.4669,9.19
Sofia,42.6975,23.3241
Adelaide,-34.9289,138.6011
Samsun,41.2867,36.33
Rajkot,22.2969,70.7984
Khulna,22.8167,89.55
Cordoba,-31.4167,-64.1833
Guarulhos,-23.4667,-46.5333
Juarez,31.7386,-106.487
Prague,50.0833,14.4167
Montevideo,-34.8667,-56.1667
Mbuji-Mayi,-6.1209,23.5967
Fuqing,25.7232,119.3735
Xintai,35.91,117.78
Doha,25.3,51.5333
Saitama,35.8617,139.6453
Hiroshima,34.3853,132.4553
Meerut,28.99,77.7
Yushu,44.8249,126.5451
Rongcheng,26.2312,104.0966
Yangquan,37.8576,113.5762
Haicheng,40.8523,122.7474
Gaozhou,21.9392,110.8461
Yingtan,28.2333,117
Huaiyin,33.58,119.03
Wuzhong,37.9874,106.1919
Jabalpur,23.1667,79.9333
Thane,19.18,72.9633
Zhangye,38.9355,100.4553
Rucheng,32.3852,120.5634
Nizhniy Novgorod,56.3269,44.0075
Comayaguela,14.0833,-87.2167
Yangshe,31.8775,120.5512
Shaoyang,32.9387,119.8404
Dhanbad,23.7928,86.435
Yichun,47.7235,128.8893
Laiwu,36.1833,117.6667
Kazan,55.7908,49.1144
Dayan,26.8808,100.2208
Suwon,37.2858,127.01
Jiangyin,31.9087,120.2653
Yongcheng,33.9317,116.4459
Calgary,51.05,-114.0667
Can Tho,10.0333,105.7833
Abuja,9.0556,7.4914
Yiwu,29.3081,120.0698
Mandalay,21.9769,96.0869
Beidao,34.6,105.92
Al Basrah,30.4889,47.81
Shuangshui,26.5944,104.8333
Sevilla,37.3828,-5.9731
Vila Velha,3.2167,-51.2167
Allahabad,25.455,81.84
Varanasi,25.3189,83.0128
Tunis,36.8008,10.18
Chelyabinsk,55.15,61.4
Mombasa,-4.05,39.6667
Providence,41.823,-71.4187
Qom,34.6461,50.8789
Maiduguri,11.8333,13.15
Maputo,-25.9153,32.5764
Rosario,-32.9575,-60.6394
Benin City,6.3176,5.6145
Xinyu,27.795,114.9242
Ahvaz,31.3203,48.6692
Dublin,53.3425,-6.2658
Jacksonville,30.3322,-81.6749
Medina,24.4667,39.6
Srinagar,34.0911,74.8061
Omsk,54.9667,73.3833
Huazhou,21.654,110.6294
Cilacap,-7.7167,109.017
Xiantao,30.3833,113.4
Bandar Lampung,-5.4294,105.2625
Samara,53.1833,50.1167
Guankou,28.1417,113.625
Ulsan,35.55,129.3167
Dingzhou,38.5158,114.9845
Campinas,-22.9009,-47.0573
Lianyuan,27.6961,111.6659
Rongcheng,29.8239,112.9019
Kaiyuan,36.0656,113.8153
Nay Pyi Taw,19.8028,96.1583
Dakar,14.7319,-17.4572
Zhuji,29.7169,120.2314
Zapopan,20.7167,-103.4
Leiyang,26.4179,112.8457
Dadukou,26.5849,101.7149
Quetta,30.192,67.007
Amritsar,31.6167,74.85
Callao,-12.0611,-77.1333
Aligarh,27.88,78.08
Yingchuan,34.1511,113.4733
Tegucigalpa,14.0942,-87.2067
Ciudad Nezahualcoyotl,19.41,-99.03
Tripoli,32.8752,13.1875
Rostov,47.2333,39.7167
Nezahualcoyotl,19.4,-98.9889
Bhiwandi,19.3,73.0667
Zhoushan,30.0162,122.0988
Tbilisi,41.7225,44.7925
Ufa,54.7333,55.9667
Fes,34.0433,-5.0033
Bien Hoa,10.9575,106.8426
Mexicali,32.6633,-115.4678
Gwalior,26.215,78.1931
Ankang,32.6877,109.0235
Ikare,7.5304,5.76
Hegang,47.3139,130.2775
Salt Lake City,40.7777,-111.9306
Bhilai,21.2167,81.4333
Yuyao,30.0372,121.1546
N'Djamena,12.11,15.05
Hanchuan,30.652,113.8274
Gongzhuling,43.5036,124.8088
Copenhagen,55.6786,12.5635
Irbid,32.5556,35.85
Haora,22.59,88.31
Cologne,50.9422,6.9578
Krasnoyarsk,56.0167,92.8667
Yicheng,31.3697,119.8239
Mizhou,36,119.4167
Nashville,36.1715,-86.7843
Yerevan,40.1814,44.5144
Ranchi,23.3556,85.3347
Nur-Sultan,51.1333,71.4333
Nouakchott,18.0783,-15.9744
Vereeniging,-26.6736,27.9319
Richmond,37.5295,-77.4756
Sao Luis,-2.53,-44.3028
San Pedro Sula,15.5,-88.0333
Taixing,32.1724,120.0142
Memphis,35.1046,-89.9773
Goyang,37.6564,126.835
Bezwada,16.5167,80.6167
Edmonton,53.5344,-113.4903
Xishan,27.6609,113.4946
Barquisimeto,10.0678,-69.3467
Sendai,38.2683,140.8694
Voronezh,51.6717,39.2106
Perm,58.0139,56.2489
Changwon,35.2281,128.6811
Zhongwei,37.5139,105.1884
Shouguang,36.8833,118.7333
Bogor,-6.6,106.8
Raleigh,35.8325,-78.6435
Cartagena,10.4236,-75.5253
Chandigarh,30.7353,76.7911
Bishkek,42.8667,74.5667
Amsterdam,52.35,4.9166
Matola,-25.9667,32.4667
Ogbomoso,8.1333,4.25
Ashgabat,37.95,58.3833
E'zhou,30.3972,114.8842
Maceio,-9.6658,-35.735
Niamey,13.5086,2.1111
Managua,12.15,-86.2667
Patam,1.0678,104.0167
Tekirdag,40.9833,27.5167
Linhai,28.8523,121.1409
Shubra al Khaymah,30.1286,31.2422
Monrovia,6.3106,-10.8047
Wafangdian,39.6271,121.9972
Zhongxiang,31.169,112.5853
Shymkent,42.3,69.6
New Orleans,30.0687,-89.9288
Volgograd,48.7,44.4833
Port-au-Prince,18.5425,-72.3386
Mysore,12.3086,76.6531
Odesa,46.4775,30.7326
Kathmandu,27.7167,85.3667
Raipur,21.2379,81.6337
Nice,43.7034,7.2663
Arequipa,-16.3988,-71.5369
Port Harcourt,4.75,7
Rotterdam,51.92,4.48
Louisville,38.1663,-85.6485
Zaoyang,32.1287,112.7581
Shuizhai,33.4433,114.8994
Kota,25.18,75.83
Abu Dhabi,24.4781,54.3686
Stockholm,59.3294,18.0686
Ottawa,45.4247,-75.695
Asmara,15.3333,38.9167
Freetown,8.4833,-13.2331
Jerusalem,31.7833,35.2167
Panama City,9,-79.5
Lome,6.1319,1.2228
Libreville,0.3901,9.4544
Zagreb,45.8,15.95
Dushanbe,38.5731,68.7864
Lilongwe,-13.9833,33.7833
Cotonou,6.4,2.52
Vientiane,17.9667,102.6
Colombo,6.9167,79.8333
Kigali,-1.9536,30.0606
Pretoria,-25.7464,28.1881
Bangui,4.3732,18.5628
Winnipeg,49.8844,-97.1464
Quebec City,46.8139,-71.2081
Riga,56.9475,24.1069
Oslo,59.9111,10.7528
Chisinau,47.0056,28.8575
Athens,37.9794,23.7161
Bujumbura,-3.3825,29.3611
Helsinki,60.1756,24.9342
Skopje,41.9833,21.4333
Kuwait City,29.375,47.98
Kingston,17.9714,-76.7931
Vilnius,54.6833,25.2833
San Salvador,13.6989,-89.1914
Djibouti,11.595,43.1481
Lisbon,38.7452,-9.1604
Kitchener,43.4186,-80.4728
Tallinn,59.4372,24.745
Cape Town,-33.925,18.425
Bratislava,48.1447,17.1128
Tirana,41.33,19.82
Canberra,-35.2931,149.1269
Wellington,-41.2889,174.7772
Beirut,33.8869,35.5131
Dodoma,-6.25,35.75
Halifax,44.6475,-63.5906
Bissau,11.8592,-15.5956
Juba,4.85,31.6
Port Moresby,-9.4789,147.1494
Yamoussoukro,6.8161,-5.2742
Victoria,48.4283,-123.3647
Maseru,-29.31,27.48
Nicosia,35.1725,33.365
Windhoek,-22.57,17.0836
Porto-Novo,6.4833,2.6167
Sucre,-19.0431,-65.2592
San Jose,9.9333,-84.0833
Ljubljana,46.05,14.5167
Sarajevo,43.8667,18.4167
Nassau,25.0667,-77.3333
Bloemfontein,-29.1,26.2167
Gaborone,-24.6569,25.9086
Paramaribo,5.8667,-55.1667
Dili,-8.5586,125.5736
Pristina,42.6667,21.1667
Georgetown,6.7833,-58.1667
Malabo,3.7521,8.7737
Brussels,50.8467,4.3517
Male,4.175,73.5083
Podgorica,42.4397,19.2661
Manama,26.2167,50.5831
Port Louis,-20.1667,57.5
New Delhi,28.7,77.2
Bern,46.948,7.4474
Reykjavik,64.1475,-21.935
Praia,14.9177,-23.5092
Luxembourg,49.6106,6.1328
Sri Jayewardenepura Kotte,6.9,79.9164
Bridgetown,13.0975,-59.6167
Moroni,-11.7036,43.2536
Thimphu,27.4833,89.6333
Mbabane,-26.3167,31.1333
Honiara,-9.4333,159.95
Suva,-18.1333,178.4333
Castries,14.0167,-60.9833
Sao Tome,0.3333,6.7333
Port-Vila,-17.75,168.3
Bandar Seri Begawan,4.9167,114.9167
Monaco,43.7396,7.4069
Gitega,-3.4264,29.9306
Port of Spain,10.6667,-61.5167
Apia,-13.8333,-171.8333
Vaduz,47.1415,9.5215
Banjul,13.4531,-16.5775
Tarawa,1.3382,173.0176
Victoria,-4.6236,55.4544
Majuro,7.1167,171.3667
Kingstown,13.1667,-61.2333
Nuku`alofa,-21.1347,-175.2083
Saint John's,17.1211,-61.8447
Andorra la Vella,42.5,1.5
Belmopan,17.25,-88.7675
Roseau,15.3,-61.3833
Basseterre,17.2983,-62.7342
Pago Pago,-14.274,-170.7046
Valletta,35.8978,14.5125
Palikir,6.9178,158.185
Funafuti,-8.5167,179.2167
Lobamba,-26.4167,31.1667
Saint George's,12.0444,-61.7417
San Marino,43.932,12.4484
Al Quds,31.7764,35.2269
Capitol Hill,15.2137,145.7546
Hagta,13.4745,144.7504
Ngerulmud,7.5006,134.6242
Bareilly,28.364,79.415
Quang Ha,16.06,108.25
Kitaku,33.8704,130.82
Jodhpur,26.2918,73.0168
Xingcheng,24.1681,115.6669
Dongtai,32.8534,120.3037
Joinvile,-26.32,-48.8399
Yingcheng,24.1876,113.4042
Dnipro,48.45,34.9833
Glasgow,55.8609,-4.2514
Chiba,35.6,140.1
Danyang,31.9948,119.575
Natal,-6.9838,-60.2699
Naples,40.8333,14.25
Zhaodong,46.0635,125.9773
Xibeijie,39.737,98.5049
Kirkuk,35.4667,44.4
Huilong,31.8131,121.6574
Tongjin,37.2361,127.2011
Oklahoma City,35.4676,-97.5136
Toulouse,43.6045,1.444
Denizli,37.7731,29.0878
Dispur,26.15,91.77
Coimbatore,11,76.9667
Luocheng,22.7645,111.5745
Guwahati,26.1667,91.7667
Shima,24.4475,117.8118
Songnam,37.4386,127.1378
Solapur,17.6833,75.9167
Tangier,35.7847,-5.8125
Anqiu,36.3619,119.1072
Feicheng,36.186,116.772
Taishan,22.2486,112.785
Meishan,34.1736,112.839
Kisangani,0.5153,25.1911
Khartoum North,15.6333,32.6333
Aguascalientes,21.876,-102.296
Marrakech,31.6295,-7.9811
Nada,19.5,109.5833
Donetsk,48.0089,37.8042
Taihecun,45.768,131.0063
Wuchuan,21.4571,110.7659
Trujillo,-8.1119,-79.0289
Cebu City,10.3,123.9
Taihe,30.8706,105.3784
Olinda,-8,-34.85
Bridgeport,41.1918,-73.1953
Trichinopoly,10.8269,78.6928
Xin'an,34.3662,118.3369
Padang,-0.9556,100.3606
Qingzhou,36.6967,118.4797
Buffalo,42.9016,-78.8487
Xinyi,22.3559,110.9369
Lichuan,30.2965,108.9378
Daye,30.1003,114.9699
Fort Worth,32.7811,-97.3473
Zhuanghe,39.6896,122.9664
Hartford,41.7661,-72.6834
Ad Dammam,26.4333,50.1
Bucheon,37.4989,126.7831
Lhasa,29.65,91.1
Homs,34.7333,36.7167
Jiaozhou,36.2481,119.9625
Merida,20.97,-89.62
Dengtalu,36.08,114.35
Zaria,11.0667,7.7
Hubli,15.36,75.125
Abeokuta,7.15,3.35
Tucson,32.1545,-110.8782
Krasnodar,45.0333,38.9833
Natal,-5.795,-35.2089
Novo Hamburgo,-29.7096,-51.14
Chihuahua,28.6353,-106.0889
Klang,3.0333,101.45
Turin,45.0667,7.7
Jos,9.9333,8.8833
Laiyang,36.9758,120.7136
Jalandhar,31.3256,75.5792
Campo Grande,-20.4686,-54.6222
Sale,34.05,-6.8167
Barinas,8.6333,-70.2167
Marseille,43.2964,5.37
Kaifeng Chengguanzhen,34.85,114.35
Eskisehir,39.7767,30.5206
Gaomi,36.3833,119.75
Ipoh,4.6,101.07
Hai'an,32.532,120.4604
Liverpool,53.4,-2.9833
Zamboanga City,6.9167,122.0833
Oran,35.6969,-0.6331
Southampton,50.9,-1.4
Weichanglu,37.1792,119.9333
Pekanbaru,0.5333,101.45
Portsmouth,50.8058,-1.0872
Leping,28.9632,117.1203
Erbil,36.1911,44.0094
Kermanshah,34.3167,47.0686
Hailun,47.4585,126.9632
Yangchun,22.1667,111.7833
Macheng,31.1817,115.0189
Ilorin,8.5,4.55
Teresina,-5.0949,-42.8042
Omaha,41.2627,-96.0522
Yuci,37.6804,112.73
Saratov,51.5333,46
Iguacu,-22.74,-43.47
El Paso,31.8479,-106.4309
Denpasar,-8.6667,115.2167
Dehui,44.5323,125.6965
Naucalpan de Juarez,19.4753,-99.2378
Bhubaneshwar,20.2644,85.8281
Tongchuan,34.9057,108.9422
Cheongju,36.6372,127.4897
Warri,5.5167,5.75
Pointe-Noire,-4.7889,11.8653
Rongjiawan,29.3801,113.1
San Luis Potosi,22.1511,-100.9761
Butterworth,5.3942,100.3664
Bhayandar,19.3,72.85
Renqiu,38.7094,116.1008
Toluca,19.2925,-99.6569
Honolulu,21.3294,-157.846
Queretaro,20.5875,-100.3928
Xindi,29.8182,113.4653
Wu'an,36.6941,114.1847
Sao Bernardo do Campo,-23.6939,-46.565
Hermosillo,29.0989,-110.9542
Wutong,30.6326,120.5474
Taguig City,14.5167,121.05
Saltillo,25.4333,-101
Gaoyou,32.7847,119.4432
Hejian,38.4451,116.0897
Yiyang,26.4103,112.3913
Puxi,35.2125,114.735
Zijinglu,34.7513,112.9854
Xiashi,30.5333,120.6833
Trabzon,41.005,39.7225
Joao Pessoa,-7.0833,-34.8333
Dongyang,29.2785,120.2282
McAllen,26.2273,-98.2471
Valencia,39.4667,-0.375
Qingping,34.538,113.3796
Niigata,37.9161,139.0364
Hamamatsu,34.7167,137.7333
Morelia,19.7683,-101.1894
Pasig City,14.575,121.0833
Moradabad,28.8418,78.7568
Culiacan,24.8069,-107.3939
Xiangxiang,27.7389,112.5223
Malang,-7.98,112.62
Xingyi,25.091,104.9011
Chaohucun,31.6783,117.7353
Fuyang,30.0533,119.9519
Antipolo,14.5842,121.1763
Nottingham,52.95,-1.15
Cencheng,22.9297,111.0186
Krakow,50.0614,19.9372
Hempstead,40.6629,-73.6089
Erzurum,39.9097,41.2756
Al `Ayn,24.2075,55.7447
Songzi,30.1772,111.7732
Laixi,36.8667,120.5333
Zhongba,31.7761,104.7406
Qingnian,36.8494,115.7061
Albuquerque,35.1053,-106.6464
Kaduna,10.5231,7.4403
Tlalnepantla,19.5367,-99.1947
Xinhualu,34.3962,113.7249
Guangshui,31.6189,113.8229
Frankfurt,50.1136,8.6797
Samarinda,-0.5022,117.1536
Changhua,24.0667,120.5333
Pietermaritzburg,-29.5833,30.4167
Hungnam,39.8231,127.6232
Kolhapur,16.7,74.2333
Ciudad Guayana,8.3596,-62.6517
Cucuta,7.9075,-72.5047
Licheng,31.4174,119.4786
Thiruvananthapuram,8.5,76.8997
Tyumen,57.15,65.5333
San Cristobal,7.7682,-72.2322
Zaporizhzhia,47.8378,35.1383
Cancun,21.1606,-86.8475
Kumamoto,32.8031,130.7078
Chengguan,35.4599,113.7975
Nehe,48.48,124.8738
Sokoto,13.0622,5.2339
Birmingham,33.5277,-86.7987
Zunhua,40.1881,117.9593
Orumiyeh,37.55,45.1
Oyo,7.8333,3.9333
Wugang,26.7345,110.6293
Shuangqiao,35.0833,112.5833
Rennes,48.1147,-1.6794
Sizhan,39.0099,106.3694
Langzhong,31.5833,105.972
Bristol,51.45,-2.5833
Qian'an,40.0059,118.6973
Lviv,49.8419,24.0315
Zouping,36.8625,117.7424
Bremen,53.1153,8.7975
Reynosa,26.0922,-98.2778
An Najaf,32.029,44.3396
Sagamihara,35.5667,139.3667
Guli,28.9008,120.0284
Sarasota,27.3386,-82.5431
Okayama,34.65,133.9167
Mississauga,43.6,-79.65
Lingbao Chengguanzhen,34.5221,110.8786
Anlu,31.2575,113.6783
Wusong,30.9333,117.7667
Dayton,39.7797,-84.1998
Enugu,6.4403,7.4942
George Town,5.4145,100.3292
Jaboatao,-8.1803,-35.0014
Santo Andre,-23.6572,-46.5333
Xichang,27.8983,102.2706
Soledad,10.92,-74.77
Chengxiang,31.4515,121.1043
Tolyatti,53.5167,49.4167
Saharanpur,29.964,77.546
Warangal,17.9756,79.6011
Osasco,-23.5328,-46.7919
Dashiqiao,40.6328,122.5021
Latakia,35.5236,35.7917
Rochester,43.168,-77.6162
Fresno,36.7831,-119.7941
Banjarmasin,-3.3333,114.5833
Salem,11.65,78.1667
Changsha,22.3762,112.6877
Grenoble,45.1715,5.7224
Shishi,24.7355,118.6434
Guadalupe,25.6775,-100.2597
Aracaju,-10.9111,-37.0717
Bauchi,10.3158,9.8442
Hamilton,43.2567,-79.8692
Lodz,51.7769,19.4547
Miluo Chengguanzhen,28.8049,113.0745
Gaizhou,40.4019,122.3499
Shizuoka,34.9756,138.3825
Malegaon,20.55,74.55
Karbala',32.6167,44.0333
Leling,37.7333,117.2167
Sao Jose dos Campos,-23.1789,-45.8869
Jianshe,34.2189,113.7693
Acapulco de Juarez,16.8636,-99.8825
Sheffield,53.3833,-1.4667
Jingcheng,32.0058,120.2547
City of Paranaque,14.4667,121.0167
Kochi,9.9667,76.2833
Allentown,40.5961,-75.4756
Bahawalpur,29.3956,71.6722
Tasikmalaya,-7.3333,108.2
Macau,22.203,113.545
Torreon,25.5394,-103.4486
Xinmin,41.9952,122.8224
Shanhu,29.5908,120.8176
Zhongshu,27.8116,106.4133
Xigaze,29.2649,88.8799
Gold Coast,-28.0167,153.4
Palermo,38.1157,13.3613
Cagayan de Oro,8.4833,124.65
Gorakhpur,26.7611,83.3667
Pinghu,30.7005,121.0104
Guankou,30.9933,103.624
Tulsa,36.1284,-95.9042
Yatou,37.1653,122.4867
Songyang,34.4161,113.0424
Cape Coral,26.6446,-81.9956
Ch'ongjin,41.8,129.7831
Sao Jose dos Pinhais,-25.57,-49.18
Puyang Chengguanzhen,35.7004,114.98
Qionghu,28.8417,112.3595
Yanshi Chengguanzhen,34.723,112.7796
Ribeirao Preto,-21.1783,-47.8067
Dasmarinas,14.3294,120.9367
Huambo,-12.7667,15.7333
Wenchang,31.054,116.9507
Shulan,44.4167,126.95
Catia La Mar,10.6,-67.0333
Bouake,7.6833,-5.0331
As Sulaymaniyah,35.55,45.4333
Hwasu-dong,37.2,126.7667
Jeonju,35.8219,127.1489
Durango,24.0167,-104.6667
Shimoga,13.9304,75.56
Ansan,37.3236,126.8219
Bulawayo,-20.1667,28.5667
Xiping,25.6005,103.8166
Sanhe,39.9808,117.0701
Guntur,16.3,80.45
Dali,25.7003,100.1564
Concord,37.9722,-122.0016
Tiruppur,11.1075,77.3398
Ch'onan,36.8064,127.1522
Zaragoza,41.6483,-0.883
Izhevsk,56.85,53.2167
Guixi,28.2861,117.2083
Honcho,35.6947,139.9825
Sorocaba,-23.5019,-47.4578
Villahermosa,17.9892,-92.9281
Petaling Jaya,3.1073,101.6067
Wuxue,29.8518,115.5539
Utrecht,52.1003,5.12
Kikwit,-5.0333,18.8167
Colorado Springs,38.8674,-104.7606
Valenzuela,14.7,120.9833
Gaobeidian,39.3257,115.8678
Qufu,35.6,116.9833
Ruiming,25.8833,116.0333
Wroclaw,51.1077,17.0353
Rasht,37.2833,49.6
Nantes,47.2181,-1.5528
Stuttgart,48.7761,9.1775
Al Hufuf,25.3608,49.5997
Xinshi,31.0236,113.1079
Cochabamba,-17.3935,-66.157
Barnaul,53.3567,83.7872
Tripoli,34.4333,35.8333
Jin'e,29.3395,105.2868
Benghazi,32.1167,20.0667
Kryvyy Rih,47.9086,33.3433
Yanggok,37.6367,127.2142
Changping,40.2248,116.1944
Raurkela,22.2492,84.8828
Halwan,29.8419,31.3342
Charleston,32.8153,-79.9628
Chimalhuacan,19.4167,-98.9
Xinxing,39.8734,124.1453
Suohe,34.7879,113.392
Mangalore,12.8703,74.8806
Zhuangyuan,37.3,120.8333
Ulyanovsk,54.3167,48.3667
Irkutsk,52.2833,104.3
Nanded,19.15,77.3333
Bacoor,14.4624,120.9645
Pontianak,-0.0206,109.3414
Bazhou,39.1235,116.386
Springfield,42.1155,-72.5395
Turpan,42.95,89.1822
Dusseldorf,51.2311,6.7724
Xingtai,37.0659,114.4753
Meihekou,42.5279,125.678
Jurong,31.9579,119.1595
Zhugang,28.1277,121.2288
Khabarovsk,48.4833,135.0667
Xinji,37.9423,115.2118
Hamhung,39.9167,127.5333
Serang,-6.12,106.1503
Buraydah,26.3333,43.9667
Ta`izz,13.5789,44.0219
Montpellier,43.6119,3.8772
San Miguel de Tucuman,-26.8167,-65.2167
Yaroslavl,57.6167,39.85
Zhangshu,28.0667,115.5375
Grand Rapids,42.962,-85.6562
Vladivostok,43.1167,131.9
Kuantan,3.8167,103.3333
Cuttack,20.45,85.8667
Jambi,-1.59,103.61
Zhuozhou,39.4887,115.9918
Uberlandia,-18.9189,-48.2769
Gothenburg,57.6717,11.981
Tianchang,32.6853,119.0041
Canoas,-29.92,-51.18
Sargodha,32.0836,72.6711
Las Pinas City,14.45,120.9833
Cimahi,-6.8833,107.5333
Kawaguchi,35.8078,139.7242
Tuxtla,16.7528,-93.1167
Balikpapan,-1.1489,116.9031
Qamdo,31.1375,97.1777
Durban,-29.8583,31.025
Kagoshima,31.58,130.5281
General Santos,6.1167,125.1667
Chanda,19.95,79.3
Al Hillah,23.4895,46.7564
Makhachkala,42.9833,47.4833
Mar del Plata,-38,-57.55
Brampton,43.6833,-79.7667
Luocheng,30.9793,104.28
Mission Viejo,33.6095,-117.655
Dortmund,51.5139,7.4653
Chuxiong,25.0461,101.5436
Makati City,14.55,121.0333
Albany,42.6664,-73.7987
Shah Alam,3.0833,101.5333
Knoxville,35.9692,-83.9496
Essen,51.4508,7.0131
Cuiaba,-15.5958,-56.0969
Shangzhi,45.2116,127.962
Botou,38.06,116.56
Bucaramanga,7.1186,-73.1161
Anyang,37.3925,126.9269
Genoa,44.4072,8.934
Kuiju,36.8528,119.3904
Tlaquepaque,20.6167,-103.3167
Hachioji,35.6667,139.3167
Dehra Dun,30.318,78.029
At Ta'if,21.2667,40.4167
San Jose del Monte,14.8139,121.0453
Bakersfield,35.3529,-119.0359
Ogden,41.2278,-111.9682
Xiulin,29.7211,112.4037
Fu'an,27.1,119.6333
Malaga,36.7167,-4.4167
Tomsk,56.4886,84.9522
Kerman,30.2833,57.0667
Kingston upon Hull,53.7444,-0.3325
Al Mahallah al Kubra,30.9667,31.1667
Luofeng,37.359,120.396
Lingyuan,41.2407,119.3957
Baton Rouge,30.4418,-91.131
Pereira,4.8104,-75.68
Ciudad Bolivar,8.1167,-63.55
Durgapur,23.55,87.32
Orenburg,51.7667,55.1
Shenzhou,38.0005,115.5541
Asansol,23.6833,86.9667
Bacolod,10.6765,122.9509
Akron,41.0798,-81.5219
New Haven,41.3112,-72.9246
Zhenzhou,32.2739,119.1619
Surakarta,-7.5667,110.8167
Tlajomulco de Zuniga,20.4736,-103.4431
Jieshou,33.2605,115.3618
Lanxi,29.2167,119.4722
Zahedan,29.4833,60.8667
Dangyang,30.8258,111.791
Columbia,34.0376,-80.9037
Kemerovo,55.3333,86.0667
Dresden,51.0493,13.7384
Uyo,5.008,7.85
Bhavnagar,21.765,72.1369
Luanzhou,39.7396,118.6978
Veracruz,19.1903,-96.1533
Novokuznetsk,53.75,87.1167
Nellore,14.4333,79.9667
Chiclayo,-6.763,-79.8366
Al Hudaydah,14.8022,42.9511
Eslamshahr,35.5333,51.2
Cabinda,-5.55,12.2
Amravati,20.9333,77.75
Korla,41.7646,86.1527
Huanghua,38.371,117.3329
Xingcheng,40.6189,120.7205
Wancheng,18.8,110.4
Kaiyuan,42.538,124.0371
Leipzig,51.35,12.3833
Fengcheng,40.4543,124.0646
Ajmer,26.468,74.639
Sihui,23.3448,112.6956
Tinnevelly,8.7289,77.7081
Fuding,27.2,120.2
Maturin,9.7457,-63.1832
An Nasiriyah,31.0539,46.2503
Al Hillah,32.4833,44.4333
Ibague,4.4378,-75.2006
Hannover,52.3744,9.7386
Poznan,52.4,16.9167
Ryazan,54.6167,39.7167
Panshi,42.9392,126.0561
Kassala,15.45,36.4
Chang'an,29.4761,113.448
Wencheng,19.6167,110.75
Shashi,30.32,112.23
Aksu,41.1664,80.25
Salta,-24.7883,-65.4106
Kimhae,35.2342,128.8811
Astrakhan,46.3333,48.0167
Mingguang,32.7816,117.9899
Naberezhnyye Chelny,55.7,52.3333
Antwerp,51.2211,4.3997
Bikaner,28.0181,73.3169
Agartala,23.8333,91.2667
Xalapa,19.54,-96.9275
Ndola,-12.9683,28.6337
Hamadan,34.8065,48.5162
Villavicencio,4.1425,-73.6294
Ailan Mubage,43.9167,81.3167
Ensenada,31.8578,-116.6058
Lyon,45.76,4.84
Bac Ninh,21.1861,106.0763
Ciudad Apodaca,25.7833,-100.1833
Santa Teresa del Tuy,10.2333,-66.65
Londrina,-23.3,-51.18
Penza,53.2,45
Heroica Matamoros,25.8797,-97.5042
Port Said,31.25,32.2833
New Mirpur,33.1333,73.75
Yucheng,36.9329,116.6403
Bello,6.33,-75.57
Meknes,33.8833,-5.55
Nuremberg,49.4528,11.0778
Pohang,36.0322,129.365
Utsunomiya,36.55,139.8833
Anda,46.4078,125.3252
Jinghong,22.0057,100.7948
Liaoyuan,42.8976,125.1381
Mesa,33.4017,-111.718
Surrey,49.19,-122.8489
Cuautitlan Izcalli,19.65,-99.25
Ujjain,23.1828,75.7772
Santa Marta,11.2361,-74.2017
Beining,41.5933,121.7932
Hai Duong,20.9411,106.3331
Carrefour,18.5333,-72.4
Homyel',52.4417,30.9833
Leicester,52.6333,-1.1333
Yanji,42.9044,129.5067
Benguela,-12.55,13.4167
Yicheng,31.7117,112.2551
Tabuk,28.3972,36.5789
Lipetsk,52.6167,39.6
Ulhasnagar,19.2167,73.15
Matsuyama,33.8333,132.7667
Muntinlupa City,14.3833,121.05
Kashgar,39.45,75.9833
Linghai,41.1676,121.3558
Aden,12.8,45.0333
Jhansi,25.4486,78.5696
Kitwe,-12.8208,28.2119
Aba,5.1167,7.3667
Palm Bay,27.955,-80.6627
Pingtung,22.6761,120.4942
Samarkand,39.6542,66.9597
Davangere,14.4667,75.9167
Ichikawa,35.7219,139.9311
Jammu,32.7333,74.85
Mazatlan,23.22,-106.42
Higashi-osaka,34.6794,135.6008
Ile-Ife,7.4667,4.5667
Kirov,58.6,49.65
Madinat as Sadis min Uktubar,29.9361,30.9269
Qaraghandy,49.8,73.1167
Mazatan,29.0167,-110.1333
Duisburg,51.4322,6.7611
Mykolaiv,46.9667,32
Matsudo,35.7878,139.9031
Provo,40.2457,-111.6457
Meicheng,30.6412,116.5689
Niteroi,-22.8833,-43.1036
Rouen,49.4428,1.0886
Oujda-Angad,34.6867,-1.9114
Johor Bahru,1.4556,103.7611
Worcester,42.2705,-71.8079
Hongjiang,27.1167,109.95
Chimbote,-9.0745,-78.5936
Dengtacun,41.4237,123.3203
Ixtapaluca,19.3186,-98.8822
Zhijiang,30.4271,111.7506
Chengjiao,35.4043,114.0593
Beipiao,41.802,120.7621
Murrieta,33.572,-117.1909
Kota Bharu,6.1333,102.25
Heshan,22.7697,112.9578
Ciudad Lopez Mateos,19.55,-99.2833
Vinh,18.6733,105.6922
Tultitlan de Mariano Escobedo,19.645,-99.1694
Duyun,26.2672,107.5143
Encheng,22.1879,112.3131
Nishinomiya-hama,34.7333,135.3333
Kandahar,31.6078,65.7053
Cheboksary,56.1333,47.25
Yuanping,38.7299,112.7134
Port Sudan,19.6158,37.2164
Valledupar,10.4603,-73.2597
Edinburgh,55.953,-3.189
Belgaum,15.8667,74.5
Tula,54.2,37.6167
Taozhou,30.8956,119.411
Suez,29.9667,32.5333
Shahe,36.8622,114.502
Yazd,31.8972,54.3678
Nazret,8.55,39.27
Gaoping,35.7911,112.9259
Brookhaven,40.8321,-72.9518
Greenville,34.8353,-82.3647
Arak,34.08,49.7
San Nicolas de los Garza,25.75,-100.2833
Gulbarga,17.3333,76.8333
Juiz de Fora,-21.7642,-43.3503
Dunhua,43.3667,128.2333
Feira de Santana,-12.25,-38.97
Jiaji,19.2431,110.4642
Az Zarqa',32.0833,36.1
Americana,-22.7392,-47.3314
Ardabil,38.25,48.3
Sylhet,24.9,91.8667
Wichita,37.6896,-97.3442
Toledo,41.6639,-83.5822
Kaihua,23.3715,104.2437
Caerdydd,51.4833,-3.1833
Jamnagar,22.47,70.07
Fuyuan,48.3614,134.2875
Dhulia,20.9,74.7833
Nampula,-15.1167,39.2667
Gaya,24.75,85.0167
Piraeus,37.95,23.7
Oita,33.2333,131.6067
Florianopolis,-27.5933,-48.553
Chiniot,31.7167,72.9833
Jiannan,31.3446,104.1994
Wuhai,39.6708,106.8114
Kaliningrad,54.7167,20.5
Sukkur,27.6995,68.8673
Nangong,37.3606,115.3803
Staten Island,40.5834,-74.1496
San Juan,-31.5375,-68.5364
Vila Velha,-20.3364,-40.2936
Macapa,0.033,-51.0653
Des Moines,41.5725,-93.6105
Piura,-5.2008,-80.6253
Jiaojiangcun,28.6804,121.45
Laohekou,32.3849,111.6695
Fujin,47.2489,132.0341
Beian,48.2395,126.5037
Celaya,20.5222,-100.8122
Xiaoyi,37.1449,111.7718
Strasbourg,48.5833,7.7458
Lanus,-34.7,-58.4
Qingzhen,26.5555,106.4646
Jiangshan,28.7412,118.6225
Ba`qubah,33.7447,44.6436
Tamale,9.4075,-0.8533
Gdansk,54.3667,18.6333
Kanazawa,36.5667,136.65
Manado,1.4931,124.8413
Jinchang,38.5168,102.1866
Calabar,4.95,8.325
Fukuyama,34.4858,133.3625
Long Beach,33.7981,-118.1675
Malatya,38.3554,38.3337
Hue,16.4667,107.5833
Jalgaon,21.0167,75.5667
Port St. Lucie,27.2796,-80.3883
Maua,-23.6678,-46.4608
Monteria,8.76,-75.8856
Tel Aviv-Yafo,32.0833,34.8
Xicheng,23.3629,103.1545
Marikina City,14.65,121.1
Pyeongtaek,36.9947,127.0889
Kurnool,15.8222,78.035
Sfax,34.75,10.72
City of Calamba,14.2167,121.1667
Denton,33.2176,-97.1419
Ar Ramadi,33.4167,43.3
Melaka,2.1889,102.2511
Volta Redonda,-22.5196,-44.095
Jian'ou,27.0387,118.3215
Shenmu,38.8389,110.4896
Huadian,42.9688,126.7388
Taoyuan District,24.9889,121.3111
Iloilo,10.7167,122.5667
Kota Kinabalu,5.975,116.0725
Minzhu,43.7192,127.337
Rajshahi,24.3667,88.6
Tanta,30.7833,31
Balashikha,55.8,37.95
Udaipur,24.5833,73.6833
Kursk,51.7372,36.1872
Mariupol,47.1306,37.5639
Bukavu,-2.5,28.8667
Hsinchu,24.8047,120.9714
Barcelona,10.1333,-64.6833
Constantine,36.365,6.6147
Tanbei,35.0907,112.9317
Ado-Ekiti,7.6167,5.2167
Batman,37.8833,41.1333
Pasay City,14.55,121
Madison,43.0826,-89.3931
Pingquan,41.0042,118.6848
Baisha,29.4774,119.2853
Bellary,15.15,76.915
Santiago de Cuba,20.0283,-75.8206
Yongji,34.867,110.4417
Reno,39.5497,-119.8483
Danjiangkou,32.5408,111.5098
Kahramanmaras,37.5875,36.9453
Sao Jose do Rio Preto,-20.82,-49.3789
Andijon,40.7,72.35
Harrisburg,40.2752,-76.8843
Nancy,48.6936,6.1846
Al Mansurah,31.05,31.3833
Machida,35.5486,139.4467
Ning'an,44.3429,129.4621
Beira,-19.8333,34.85
Little Rock,34.7256,-92.3576
Zurich,47.3786,8.54
Zhangjiakou Shi Xuanhua Qu,40.5944,115.0243
Sunch'on,39.4167,125.9333
Diadema,-23.6858,-46.6228
Guangming,45.3357,122.7765
Sangli,16.8667,74.5667
Tuticorin,8.7833,78.1333
Herat,34.3738,62.1792
Kupang,-10.1633,123.5778
Larkana,27.56,68.2264
Jeju,33.5097,126.5219
Bandar `Abbas,27.2,56.25
Santos,-23.9608,-46.3339
Stavropol,45.05,41.9833
Katsina,12.9908,7.6017
Yogyakarta,-7.8014,110.3644
Calicut,11.25,75.7667
Zanjan,36.6667,48.4833
Welkom,-27.9831,26.7208
Ulan-Ude,51.8272,107.6064
Oakland,37.7903,-122.2165
Kashiwa,35.8544,139.9689
Mazar-e Sharif,36.7,67.1167
Kashan,33.9833,51.4333
Kenitra,34.25,-6.5833
Khamis Mushayt,18.3,42.7333
Masan,35.1833,128.55
Cusco,-13.5183,-71.9781
Sevastopol,44.6,33.5333
Mandaluyong City,14.5833,121.0333
Kihung,37.4167,127.1167
Toyota,35.0833,137.1567
Akola,20.7333,77
Yan'an Beilu,44.0222,87.2961
Agadir,30.4167,-9.5833
Mogi das Cruzes,-23.5228,-46.1931
Durham,35.9794,-78.9031
Likasi,-10.9833,26.7333
Laval,45.5833,-73.75
Winston-Salem,36.1029,-80.2611
Uijeongbu,37.7486,127.0389
Tver,56.8578,35.9219
Elazig,38.6667,39.2167
Akure,7.25,5.195
Kumi,36.21,128.3544
Hpa-An,16.8906,97.6333
Bonita Springs,26.3559,-81.7861
Hailin,44.5735,129.3825
Seremban,2.7297,101.9381
Takamatsu,34.35,134.05
Lecheng,25.1307,113.3472
Zhengjiatun,43.513,123.5003
Luhansk,48.5833,39.3333
Pencheng,29.6792,115.6611
Magnitogorsk,53.3833,59.0333
Angeles City,15.1472,120.5847
El Obeid,13.1833,30.2167
Dalai,45.505,124.2863
Xingren,25.4352,105.1907
Palma,39.5667,2.6497
Kolwezi,-10.7167,25.4667
Wenlan,23.3689,103.3881
Indio,33.7346,-116.2346
Palm Coast,29.5392,-81.246
Arusha,-3.3667,36.6833
Fenyang,37.2652,111.7793
Toyama,36.7,137.22
Paju,37.8328,126.8169
Mataram,-8.5833,116.1167
Chattanooga,35.0657,-85.2488
Lapu-Lapu City,10.315,123.9761
Nagqu,31.4766,92.0569
Kisumu,-0.1,34.75
Jayapura,-2.5333,140.7167
Fangting,31.1282,104.1695
Nagasaki,32.7833,129.8667
Spokane,47.6671,-117.433
Shekhupura,31.7083,74
Sochi,43.5853,39.7203
Bhagalpur,25.25,87.0167
Ipatinga,-19.4796,-42.52
Ivanovo,57,41
Osogbo,7.7667,4.5667
Imus,14.4297,120.9367
Ciudad Obregon,27.4939,-109.9389
Turkmenabat,39.1,63.5667
Namangan,40.9953,71.6725
Bryansk,53.25,34.3667
Basuo,19.1,108.65
Taiping,32.0691,108.0351
Maracay,10.2469,-67.5958
Murcia,37.9866,-1.1415
Jiexiu,37.0282,111.9103
Mbale,1.0806,34.175
Taraz,42.8833,71.3667
Asyut,27.1869,31.1714
Santa Fe,-31.6333,-60.7
Campina Grande,-7.2306,-35.8811
Szczecin,53.4247,14.5553
Ghulja,43.9,81.35
Syracuse,43.0409,-76.1438
Carapicuiba,-23.5228,-46.8358
Gifu,35.4167,136.7667
Quilon,8.8853,76.5864
Jundiai,-23.1864,-46.8842
Lancaster,40.0421,-76.3012
Eindhoven,51.43,5.5
Sikar,27.6119,75.1397
Tumkur,13.33,77.1
Jiangjiafan,31.0304,112.1
Miyazaki,31.9167,131.4167
Arlington,32.6998,-97.125
Stockton,37.9765,-121.3109
Bhatpara,22.8667,88.4167
Sandakan,5.8388,118.1173
Hejin,35.5914,110.706
Thanh Hoa,19.8075,105.7764
Muzaffarnagar,29.4708,77.7033
Poughkeepsie,41.6949,-73.921
Comilla,23.4704,91.17
Metz,49.1203,6.1778
Campos,-21.7523,-41.3304
Nha Trang,12.25,109.1833
Belgorod,50.6,36.6
Yola,9.2,12.4833
Minamisuita,34.7667,135.5167
San Lorenzo,-25.3431,-57.5094
Ad Diwaniyah,31.9892,44.9247
Hancheng,35.4603,110.4292
Fuyu,45.1804,124.82
Bologna,44.4939,11.3428
Karamay,45.5928,84.8711
Kakinada,16.9333,82.2167
Augusta,33.3645,-82.0708
Bhilwara,25.35,74.6333
Caxias do Sul,-29.18,-51.17
Tieli,46.9804,128.045
Cilegon,-6.0027,106.0112
Baicheng,45.6148,122.832
Nizamabad,18.6704,78.1
Boise,43.6007,-116.2312
Tonala,20.6167,-103.2333
Okazaki,34.95,137.1667
Mwanza,-2.5167,32.9
Aqtobe,50.3,57.1667
Plovdiv,42.1433,24.7489
Oxnard,34.1963,-119.1815
Tetouan,35.5667,-5.3667
Florence,43.7714,11.2542
Ha'il,27.5236,41.7001
Yidu,30.388,111.4505
Lianzhou,24.7868,112.3735
Scranton,41.4044,-75.6649
London,42.9836,-81.2497
Las Palmas,28.1272,-15.4314
Rio Branco,-9.9781,-67.8117
Modesto,37.6374,-121.0028
Ichinomiya,35.3039,136.8031
Brno,49.1953,16.6083
Kissimmee,28.3042,-81.4164
Pasto,1.2136,-77.2811
Qazvin,36.2688,50.0041
Irapuato,20.6667,-101.35
Novi Sad,45.2644,19.8317
Antofagasta,-23.6464,-70.398
Shihezi,44.3,86.0333
Shache,38.4261,77.25
Panihati,22.69,88.37
Huancayo,-12.0667,-75.2167
Aurora,39.7087,-104.7273
Malabon,14.6625,120.9567
Parbhani,19.2704,76.76
Usulutan,13.35,-88.45
Youngstown,41.0993,-80.6463
Christchurch,-43.5309,172.6365
Hatay,36.2,36.15
Iquitos,-3.7333,-73.25
Sivas,39.75,37.0167
Helixi,30.6267,118.9861
A Coruna,43.3713,-8.4188
Manizales,5.06,-75.52
Manukau City,-36.9833,174.8833
Stoke-on-Trent,53,-2.1833
Cumana,10.45,-64.1667
Vinnytsia,49.2372,28.4672
Rohtak,28.9,76.5667
Latur,18.4004,76.57
Toyohashi,34.7667,137.3833
Sanandaj,35.3097,46.9989
Nuevo Laredo,27.4861,-99.5069
Anguo,38.4177,115.3204
Ambon,-3.705,128.17
Mandaue City,10.3333,123.9333
Keelung,25.1283,121.7419
Varna,43.2078,27.9169
Lengshuijiang,27.6858,111.4279
Rajapalaiyam,9.4204,77.58
Nagano,36.6486,138.1928
Az Zubayr,30.3892,47.7081
Al Qatif,26.5196,50.0115
Cuernavaca,18.9186,-99.2342
Sanya,18.2536,109.5019
Nicolas Romero,19.5833,-99.3667
Huichang,34.9136,112.7852
Vitsyebsk,55.1833,30.1667
Bauru,-22.3147,-49.0606
Bochum,51.4833,7.2167
Anapolis,-16.3269,-48.9528
Coventry,52.4081,-1.5106
Zalantun,48.0033,122.7365
Tecamac,19.7131,-98.9683
Jhang City,31.2681,72.3181
Ciudad General Escobedo,25.7933,-100.1583
Wonsan,39.1475,127.4461
Kocaeli,40.7656,29.9406
Bengkulu,-3.7956,102.2592
Montes Claros,-16.7322,-43.8636
Petion-Ville,18.5098,-72.2856
Shuanghejiedao,30.3866,106.7756
Bydgoszcz,53.1167,18
Surgut,61.25,73.4333
Donostia,43.3204,-1.98
Bobo-Dioulasso,11.1833,-4.2833
Umuahia,5.5333,7.4833
Gedaref,14.0333,35.3833
Palu,-0.895,119.8594
Santa Rosa,14.3167,121.1167
Pokhara,28.2097,83.9853
Mahilyow,53.9089,30.343
Wudalianchi,48.6433,126.1408
Sungai Petani,5.65,100.48
Nam Dinh,20.42,106.1683
Sinuiju,40.1,124.4
Hrodna,53.6667,23.8167
Vladimir,56.1333,40.4167
Sao Vicente,-23.9633,-46.3922
Wakayama,34.2333,135.1667
Yong'an,25.9733,117.3593
Itaquaquecetuba,-23.4864,-46.3486
Wuppertal,51.2667,7.1833
Minatitlan,17.9833,-94.55
Nizhniy Tagil,57.9167,59.9667
Nara,34.6833,135.7833
Hongzhai,35.0476,104.6394
Bilbao,43.2622,-2.9533
Haarlem,52.3804,4.63
Pavlodar,52.3156,76.9564
Gimpo,37.6236,126.7142
Rahimyar Khan,28.4202,70.2952
Van,38.5019,43.4167
Corrientes,-27.4833,-58.8167
San Pedro,14.3583,121.0583
Arkhangelsk,64.55,40.5333
Licheng,24.4935,110.3902
Cabimas,10.4,-71.4333
Yakeshi,49.2842,120.7283
Baguio City,16.4152,120.5956
Ahmadnagar,19.0833,74.7333
Fayetteville,36.0713,-94.166
Koshigaya,35.8911,139.7908
Holguin,20.8883,-76.2558
Qo`qon,40.5404,70.94
Anaheim,33.839,-117.8572
Yingmen,39.83,97.73
Piracicaba,-22.725,-47.6489
Khorramabad,33.4667,48.35
Rajahmundry,16.9833,81.7833
Chita,52.0333,113.5
Sari,36.5658,53.0597
Makiivka,48.0556,37.9611
Chitungwiza,-18,31.1
Pensacola,30.4427,-87.1886
Victorville,34.5277,-117.3536
Tokorozawa,35.7994,139.4689
Tanch'on,40.458,128.911
Sumqayit,40.5917,49.6397
Kusti,13.17,32.66
Al `Amarah,31.8416,47.1512
Cuddapah,14.4667,78.8167
Simferopol,44.9484,34.1
Tarlac City,15.4802,120.5979
Lancaster,34.6935,-118.1753
Greensboro,36.0956,-79.8269
Iligan,8.2333,124.25
East London,-33.0153,27.9116
Otsu,35.0167,135.85
Franca,-20.5389,-47.4008
Kaluga,54.5333,36.2667
Yeosu,34.7368,127.7458
Corpus Christi,27.726,-97.3755
Muzaffarpur,26.12,85.3833
Lublin,51.2333,22.5667
Brest,52.0847,23.6569
Lianran,24.9211,102.4778
Alwar,27.5667,76.6167
Baishan,41.9377,126.4179
Kawagoe,35.9177,139.4911
Farg`ona,40.3864,71.7864
Tamuramachi-moriyama,37.41,140.38
Brahmapur,19.32,84.8
Buon Ma Thuot,12.6667,108.05
Binan,14.3333,121.0833
Iwaki,37.0333,140.8833
Semey,50.4111,80.2275
Tarsus,36.9167,34.9
Randburg,-26.0936,28.0064
Tepic,21.5083,-104.8931
Jitpur,27.6666,85.3333
Kaesong,37.964,126.5644
Beni,0.5,29.4667
Chinju,35.1928,128.0847
Tangdong,25.9755,113.2302
Butuan,8.9534,125.5288
Reading,51.4542,-0.9731
Belfast,54.5964,-5.93
Alicante,38.3453,-0.4831
Blida,36.4722,2.8333
Hangu,39.232,117.777
Yingzhong,32.2381,119.8133
Vina del Mar,-33.0244,-71.5517
Asahikawa,43.7706,142.365
Bielefeld,52.0167,8.5333
Cuenca,-2.8974,-79.0045
Fort Wayne,41.0886,-85.1437
Maebashi,36.3833,139.0667
Lipa City,13.9411,121.1622
Wad Medani,14.4,33.51
Islip,40.7384,-73.1887
Sousse,35.83,10.625
Kamarhati,22.67,88.37
Thessaloniki,40.6333,22.95
Ganca,40.6828,46.3606
Bilaspur,22.15,82.0167
Santa Ana,33.7366,-117.8819
Mymensingh,24.7504,90.38
Al Fayyum,29.3,30.8333
Flint,43.0235,-83.6922
Kendari,-3.9675,122.5947
Balikesir,39.6511,27.8842
Az Zaqaziq,30.5667,31.5
Thai Nguyen,21.6,105.85
Smolensk,54.7828,32.0453
Wonju,37.3417,127.9208
Maringa,-23.4095,-51.93
San Juan,18.4037,-66.0636
Dahuk,36.85,42.9833
Batangas,13.75,121.05
Mathura,27.4833,77.6833
Pelotas,-31.75,-52.33
Bamiantong,44.9164,130.5212
Kochi,33.5667,133.5333
Patiala,30.3204,76.385
Gujrat,32.5736,74.0789
Bonn,50.7339,7.0997
Vung Tau,10.4042,107.1417
Markham,43.8767,-79.2633
Saugor,23.8504,78.75
Roodepoort,-26.1625,27.8725
Gomez Palacio,25.5611,-103.4983
Volzhskiy,48.7833,44.7667
Bari,41.1253,16.8667
Bijapur,16.8244,75.7154
Sukabumi,-6.9197,106.9272
Ulanhot,46.0726,122.0719
Fayetteville,35.0846,-78.9776
Itajai,-26.8996,-48.68
Nakuru,-0.2833,36.0667
Yunzhong,39.8143,113.0946
Al Fallujah,33.35,43.7833
Boa Vista,2.82,-60.6719
Cluj-Napoca,46.78,23.5594
Malmo,55.5932,13.0214
Gwangmyeongni,37.4772,126.8664
Pucallpa,-8.3833,-74.55
Cordoba,37.8833,-4.7667
Kuching,1.5397,110.3542
Zinder,13.8,8.9833
Naha,26.2122,127.6789
Gonder,12.6,37.4667
Uberaba,-19.7478,-47.9319
Jackson,32.3163,-90.2124
Mekele,13.4833,39.4667
Kulti,23.73,86.85
Santa Rosa,38.4458,-122.7067
Gonaives,19.45,-72.6833
Lansing,42.7142,-84.5601
Binxian,35.0364,108.0764
Newcastle,-32.9167,151.75
Kurgan,55.4408,65.3411
Kaiyuan,23.7147,103.2585
Temara,33.9234,-6.9076
Uruapan,19.4208,-102.0628
Hotan,37.1012,79.9327
Camaguey,21.3786,-77.9186
Ann Arbor,42.2755,-83.7312
San Salvador de Jujuy,-24.1856,-65.2994
Timisoara,45.7597,21.23
Al Kut,32.4907,45.8304
Tapachula,14.9,-92.2667
Shahjanpur,27.8804,79.905
Cherepovets,59.1333,37.9167
Poltava,49.5744,34.5686
Henderson,36.0133,-115.038
Maroua,10.5823,14.3275
Kaech'on,39.6986,125.9061
Asan,36.35,126.9167
Coatzacoalcos,18.15,-94.4333
Huntsville,34.6988,-86.6412
Trichur,10.52,76.21
General Trias,14.3833,120.8833
Cirebon,-6.7167,108.5667
Tampico,22.2553,-97.8686
Lexington,38.0423,-84.4587
Boaco,12.4722,-85.6586
Oskemen,49.95,82.6167
Ca Mau,9.1833,105.15
Neiva,2.9275,-75.2875
Cabuyao,14.275,121.125
Vologda,59.2167,39.9
Saransk,54.1833,45.1833
Mobile,30.6783,-88.1162
Bor,6.2167,31.55
Munster,51.9625,7.6256
Barddhaman,23.25,87.85
Ksar El Kebir,35.0204,-5.91
Karlsruhe,49.0167,8.4
Kasur,31.1167,74.45
Yakou,33.2937,113.5203
Orel,52.9686,36.0694
Safi,32.2833,-9.2333
Shahr-e Qods,35.7214,51.1089
Vitoria da Conquista,-14.8661,-40.8394
Hamah,35.1333,36.75
Guaruja,-23.9936,-46.2564
Catania,37.5027,15.0873
Purnea,25.78,87.47
Fort Collins,40.5478,-105.0656
Port Elizabeth,-33.9581,25.6
Alanya,36.5436,31.9997
Asheville,35.5704,-82.5536
Santa Clarita,34.4175,-118.4964
Gorgan,36.83,54.48
Porto Velho,-8.7619,-63.9039
Quy Nhon,13.7765,109.2237
Sambalpur,21.4704,83.9701
Yokkaichi,34.9667,136.6167
Chalco,19.2647,-98.8975
Mannheim,49.4878,8.4661
Namp'o,38.7333,125.4
Shahriar,35.6597,51.0592
Kasugai,35.25,136.9667
Sapele,5.8904,5.68
Blumenau,-26.9189,-49.0658
Sariwon,38.5039,125.7589
St. Catharines,43.1833,-79.2333
Matadi,-5.8167,13.4833
Niagara Falls,43.06,-79.1067
Firozabad,27.15,78.3949
San Fernando,15.0333,120.6833
St. Paul,44.9477,-93.104
Vladikavkaz,43.0167,44.65
Yakutsk,62.0272,129.7319
Minna,9.6139,6.5569
Hisar,29.1489,75.7367
Puerto La Cruz,10.2167,-64.6167
Ciudad del Este,-25.5167,-54.6167
Podolsk,55.4297,37.5444
Ciudad Victoria,23.7333,-99.1333
Akita,39.7197,140.1025
Kumul,42.827,93.515
Vaughan,43.8333,-79.5
Oakashicho,34.6431,134.9975
Pekalongan,-6.8883,109.6753
Adiyaman,37.7644,38.2763
Vila Nova de Gaia,41.1333,-8.6167
Curepipe,-20.3162,57.5166
Cabanatuan City,15.4833,120.9667
Oaxaca,17.0833,-96.75
Armenia,4.5389,-75.6725
Wollongong,-34.4331,150.8831
Brest,48.39,-4.49
Awka,6.2,7.0667
Iksan,35.9439,126.9544
Jember,-8.1727,113.6873
Ica,-14.0667,-75.7333
Newark,40.7245,-74.1725
Jining,41.03,113.08
Chuncheon,37.8747,127.7342
Malard,35.6658,50.9767
Pematangsiantar,2.96,99.06
Long Xuyen,10.3686,105.4234
Petrozavodsk,61.7833,34.35
South Bend,41.6767,-86.2696
Mingaora,34.7717,72.36
Barasat,22.2333,88.45
Shreveport,32.4656,-93.7956
Sincelejo,9.2994,-75.3958
Viet Tri,21.3228,105.4019
Cherkasy,49.4444,32.0597
Pachuca,20.1,-98.75
Dire Dawa,9.5833,41.8667
Khmelnytskyi,49.42,27
Aomori,40.8222,140.7475
Owo,7.2004,5.59
Savannah,32.0281,-81.1784
Posadas,-27.3667,-55.8969
Gatineau,45.4833,-75.65
Windsor,42.2833,-83
Tsu,34.7186,136.5056
Myrtle Beach,33.7096,-78.8843
Mbandaka,0.0486,18.2603
Tehuacan,18.4617,-97.3928
La Guaira,10.6,-66.9331
Kunsan,35.9786,126.7114
Nizhnevartovsk,60.9389,76.595
Chula Vista,32.6281,-117.0145
Ratlam,23.3167,75.0667
Yeosu,34.7607,127.6622
Crato,-7.4639,-63.04
Derby,52.9167,-1.4667
Kafr ad Dawwar,31.1417,30.1272
Eugene,44.0563,-123.1173
Gijon,43.5293,-5.6773
Chiayi,23.48,120.4497